dump	config	loops	bigloops	contig	brokenRoutes	tapers	spikes	zigs	stairs	clips	drawMs	note
improvedschematics-map-DEN.json	base	0	0	0	0	0	5	-1	0	0	1008	
improvedschematics-map-DEN.json	capsuleFilter	0	0	0	0	0	5	-1	0	0	990	
improvedschematics-map-DEN.json	capsuleFilter_noDensity	0	0	0	0	0	5	-1	0	0	1097	
improvedschematics-map-DEN.json	expand1	0	0	0	0	0	5	-1	0	0	1043	
improvedschematics-map-DEN.json	growth1	0	0	0	0	0	11	-1	0	0	987	
improvedschematics-map-DEN.json	growth1_25	0	0	0	0	0	5	-1	0	0	1139	
improvedschematics-map-DEN.json	growth1_5	0	0	0	0	0	5	-1	0	0	1108	
improvedschematics-map-DEN.json	growth2	0	0	0	0	0	5	-1	0	0	1064	
improvedschematics-map-DEN.json	noBoth	0	0	0	0	0	11	-1	0	0	1004	
improvedschematics-map-DEN.json	noBoth_dropTinyOff	0	0	0	0	0	11	-1	0	0	1022	
improvedschematics-map-DEN.json	noBoth_expand1	0	0	0	0	0	11	-1	0	0	982	
improvedschematics-map-DEN.json	noBoth_growth1	0	0	0	0	0	11	-1	0	0	1052	
improvedschematics-map-DEN.json	noBoth_growth1_5	0	0	0	0	0	11	-1	0	0	1136	
improvedschematics-map-DEN.json	noContraction	0	0	0	0	0	11	-1	0	0	951	
improvedschematics-map-DEN.json	noContraction_growth1	0	0	0	0	0	11	-1	0	0	1082	
improvedschematics-map-DEN.json	noDensity	0	0	0	0	0	5	-1	0	0	1076	
improvedschematics-map-DEN.json	noWarp	1	0	0	0	0	7	-1	1	0	1548	
improvedschematics-map-DEN.json	warp25	0	0	0	0	0	6	-1	0	0	1038	
improvedschematics-map-DEN.json	warp50	0	0	0	0	0	5	-1	0	0	1179	
improvedschematics-map-DEN.json	warp75	0	0	0	0	0	11	-1	1	0	980	
improvedschematics-map-HOR.json	base	0	1	0	0	0	18	-1	0	0	48902	
improvedschematics-map-HOR.json	capF_growth_1	11	0	2	2	5	20	-1	4	16	83534	
improvedschematics-map-HOR.json	capF_growth_1_25	8	0	6	5	6	63	-1	0	6	40308	
improvedschematics-map-HOR.json	capF_growth_1_5	4	3	6	5	1	38	-1	4	7	58281	
improvedschematics-map-HOR.json	capF_growth_2	1	0	1	1	2	26	-1	0	7	50804	
improvedschematics-map-HOR.json	capsuleFilter	1	0	1	1	2	27	-1	0	0	51215	
improvedschematics-map-HOR.json	capsuleFilter_noDensity	1	0	1	1	2	27	-1	0	0	53460	
improvedschematics-map-HOR.json	expand1	0	1	0	0	0	18	-1	0	0	52228	
improvedschematics-map-HOR.json	growth1	11	0	2	2	5	20	-1	4	16	89912	
improvedschematics-map-HOR.json	growth1_25	3	2	5	5	0	39	-1	2	9	48978	
improvedschematics-map-HOR.json	growth1_5	3	0	5	4	0	29	-1	4	3	35249	
improvedschematics-map-HOR.json	growth2	2	0	1	1	0	23	-1	0	3	49624	
improvedschematics-map-HOR.json	growthF_1_1	6	1	5	5	6	53	-1	2	15	86118	
improvedschematics-map-HOR.json	growthF_1_15	10	1	4	4	2	60	-1	6	11	50873	
improvedschematics-map-HOR.json	growthF_1_2	3	1	2	2	1	54	-1	1	6	72568	
improvedschematics-map-HOR.json	growthF_1_3	4	4	4	4	12	40	-1	4	10	50191	
improvedschematics-map-HOR.json	growthF_1_4	3	2	6	5	6	66	-1	3	10	48398	
improvedschematics-map-HOR.json	growthF_1_75	4	1	2	2	0	42	-1	0	2	61091	
improvedschematics-map-HOR.json	growthF_2_25	2	0	0	0	2	22	-1	0	1	58724	
improvedschematics-map-HOR.json	noBoth	1	0	0	0	2	23	-1	0	0	49707	
improvedschematics-map-HOR.json	noBoth_dropTinyOff	1	0	1	1	2	32	-1	0	0	40710	
improvedschematics-map-HOR.json	noBoth_expand1	1	0	0	0	2	23	-1	0	0	68761	
improvedschematics-map-HOR.json	noBoth_growth1	11	0	2	2	5	20	-1	4	16	72297	
improvedschematics-map-HOR.json	noBoth_growth1_5	3	1	5	5	1	39	-1	0	8	66823	
improvedschematics-map-HOR.json	noBoth_growthF_1_1	7	0	4	3	9	39	-1	3	14	58426	
improvedschematics-map-HOR.json	noBoth_growthF_1_15	6	2	5	4	17	61	-1	0	12	86313	
improvedschematics-map-HOR.json	noBoth_growthF_1_2	10	1	3	3	1	54	-1	10	12	56860	
improvedschematics-map-HOR.json	noBoth_growthF_1_3	3	1	5	5	0	44	-1	6	9	51079	
improvedschematics-map-HOR.json	noBoth_growthF_1_4	1	0	6	5	12	41	-1	0	10	42847	
improvedschematics-map-HOR.json	noBoth_growthF_1_75	1	2	5	5	2	34	-1	2	9	37366	
improvedschematics-map-HOR.json	noBoth_growthF_2_25	2	0	1	1	0	23	-1	0	1	63895	
improvedschematics-map-HOR.json	noContraction	1	0	0	0	2	23	-1	0	0	51404	
improvedschematics-map-HOR.json	noContraction_growth1	11	0	2	2	5	20	-1	4	16	71491	
improvedschematics-map-HOR.json	noDensity	0	1	0	0	0	18	-1	0	0	44648	
improvedschematics-map-HOR.json	noWarp	0	2	0	0	0	20	-1	1	8	44055	
improvedschematics-map-HOR.json	warp25	0	1	0	0	2	16	-1	0	0	51747	
improvedschematics-map-HOR.json	warp50	0	3	0	0	2	39	-1	0	0	46424	
improvedschematics-map-HOR.json	warp75	0	1	0	0	0	48	-1	0	3	34920	
improvedschematics-map-HOR.json	warpF_0_1	0	2	0	0	2	27	-1	0	5	31010	
improvedschematics-map-HOR.json	warpF_0_35	0	1	0	0	2	31	-1	0	3	54297	
improvedschematics-map-HOR.json	warpF_0_6	0	1	1	1	0	24	-1	0	6	45727	
improvedschematics-map-HOR.json	warpF_0_85	0	2	1	1	0	28	-1	0	4	39417	
improvedschematics-map-LON-2.json	base	0	0	0	0	0	12	-1	0	0	16338	
improvedschematics-map-LON-2.json	capsuleFilter	0	0	0	0	0	12	-1	0	0	16282	
improvedschematics-map-LON-2.json	capsuleFilter_noDensity	0	0	0	0	0	12	-1	0	0	16312	
improvedschematics-map-LON-2.json	expand1	0	0	0	0	0	12	-1	0	0	15147	
improvedschematics-map-LON-2.json	growth1	0	0	0	0	0	16	-1	2	0	26606	
improvedschematics-map-LON-2.json	growth1_25	1	0	0	0	0	12	-1	0	0	28994	
improvedschematics-map-LON-2.json	growth1_5	0	0	0	0	0	12	-1	0	0	18557	
improvedschematics-map-LON-2.json	growth2	0	0	0	0	0	12	-1	0	0	15554	
improvedschematics-map-LON-2.json	noBoth	0	0	0	0	0	12	-1	0	0	16241	
improvedschematics-map-LON-2.json	noBoth_dropTinyOff	0	0	0	0	0	11	-1	0	0	15204	
improvedschematics-map-LON-2.json	noBoth_expand1	0	0	0	0	0	12	-1	0	0	16359	
improvedschematics-map-LON-2.json	noBoth_growth1	0	0	0	0	0	16	-1	2	0	27128	
improvedschematics-map-LON-2.json	noBoth_growth1_5	0	0	0	0	0	12	-1	0	0	19353	
improvedschematics-map-LON-2.json	noContraction	0	0	0	0	0	12	-1	0	0	16300	
improvedschematics-map-LON-2.json	noContraction_growth1	0	0	0	0	0	16	-1	2	0	26761	
improvedschematics-map-LON-2.json	noDensity	0	0	0	0	0	12	-1	0	0	16432	
improvedschematics-map-LON-2.json	noWarp	0	0	0	0	0	11	-1	0	0	15535	
improvedschematics-map-LON-2.json	warp25	0	0	0	0	0	11	-1	0	0	21547	
improvedschematics-map-LON-2.json	warp50	0	0	0	0	0	12	-1	0	0	21228	
improvedschematics-map-LON-2.json	warp75	0	0	0	0	0	20	-1	0	0	20296	
improvedschematics-map-LON-3.json	base	0	0	0	0	0	12	-1	0	0	18145	
improvedschematics-map-LON-3.json	capsuleFilter	0	0	0	0	0	12	-1	0	0	17025	
improvedschematics-map-LON-3.json	capsuleFilter_noDensity	0	0	0	0	0	12	-1	0	0	16004	
improvedschematics-map-LON-3.json	expand1	0	0	0	0	0	12	-1	0	0	16221	
improvedschematics-map-LON-3.json	growth1	0	0	0	0	0	16	-1	2	0	23936	
improvedschematics-map-LON-3.json	growth1_25	1	0	0	0	0	12	-1	0	0	20758	
improvedschematics-map-LON-3.json	growth1_5	0	0	0	0	0	12	-1	0	0	21413	
improvedschematics-map-LON-3.json	growth2	0	0	0	0	0	12	-1	0	0	15743	
improvedschematics-map-LON-3.json	noBoth	0	0	0	0	0	12	-1	0	0	16734	
improvedschematics-map-LON-3.json	noBoth_dropTinyOff	0	0	0	0	0	11	-1	0	0	16467	
improvedschematics-map-LON-3.json	noBoth_expand1	0	0	0	0	0	12	-1	0	0	15296	
improvedschematics-map-LON-3.json	noBoth_growth1	0	0	0	0	0	16	-1	2	0	24976	
improvedschematics-map-LON-3.json	noBoth_growth1_5	0	0	0	0	0	12	-1	0	0	19528	
improvedschematics-map-LON-3.json	noContraction	0	0	0	0	0	12	-1	0	0	16485	
improvedschematics-map-LON-3.json	noContraction_growth1	0	0	0	0	0	16	-1	2	0	31026	
improvedschematics-map-LON-3.json	noDensity	0	0	0	0	0	12	-1	0	0	16438	
improvedschematics-map-LON-3.json	noWarp	0	0	0	0	0	11	-1	0	0	15743	
improvedschematics-map-LON-3.json	warp25	0	0	0	0	0	11	-1	0	0	22938	
improvedschematics-map-LON-3.json	warp50	0	0	0	0	0	12	-1	0	0	22591	
improvedschematics-map-LON-3.json	warp75	0	0	0	0	0	20	-1	0	0	21698	
improvedschematics-map-LON-jul-16.json	base	0	0	0	0	0	14	-1	0	0	17922	
improvedschematics-map-LON-jul-16.json	capF_growth_1	0	0	0	0	0	11	-1	2	1	26768	
improvedschematics-map-LON-jul-16.json	capF_growth_1_25	0	0	0	0	0	14	-1	0	0	22344	
improvedschematics-map-LON-jul-16.json	capF_growth_1_5	0	0	0	0	0	14	-1	0	0	21704	
improvedschematics-map-LON-jul-16.json	capF_growth_2	0	0	0	0	0	14	-1	0	0	20625	
improvedschematics-map-LON-jul-16.json	capsuleFilter	0	0	0	0	0	14	-1	0	0	18744	
improvedschematics-map-LON-jul-16.json	capsuleFilter_noDensity	0	0	0	0	0	14	-1	0	0	18074	
improvedschematics-map-LON-jul-16.json	expand1	0	0	0	0	0	14	-1	0	0	20132	
improvedschematics-map-LON-jul-16.json	growth1	0	0	0	0	0	11	-1	2	1	27077	
improvedschematics-map-LON-jul-16.json	growth1_25	0	0	0	0	0	14	-1	0	0	19981	
improvedschematics-map-LON-jul-16.json	growth1_5	0	0	0	0	0	14	-1	0	0	22191	
improvedschematics-map-LON-jul-16.json	growth2	0	0	0	0	0	14	-1	0	0	18652	
improvedschematics-map-LON-jul-16.json	growthF_1_1	0	0	0	0	1	16	-1	1	0	16439	
improvedschematics-map-LON-jul-16.json	growthF_1_15	0	0	0	0	0	12	-1	0	1	26537	
improvedschematics-map-LON-jul-16.json	growthF_1_2	0	0	0	0	0	14	-1	0	0	21640	
improvedschematics-map-LON-jul-16.json	growthF_1_3	0	0	0	0	0	14	-1	0	0	23135	
improvedschematics-map-LON-jul-16.json	growthF_1_4	0	0	0	0	0	14	-1	0	0	21591	
improvedschematics-map-LON-jul-16.json	growthF_1_75	0	0	0	0	0	14	-1	0	0	23676	
improvedschematics-map-LON-jul-16.json	growthF_2_25	0	0	0	0	0	14	-1	0	0	21515	
improvedschematics-map-LON-jul-16.json	noBoth	0	0	0	0	0	14	-1	0	0	17632	
improvedschematics-map-LON-jul-16.json	noBoth_dropTinyOff	0	0	0	0	0	9	-1	0	0	17467	
improvedschematics-map-LON-jul-16.json	noBoth_expand1	0	0	0	0	0	14	-1	0	0	19394	
improvedschematics-map-LON-jul-16.json	noBoth_growth1	0	0	0	0	0	11	-1	2	1	21229	
improvedschematics-map-LON-jul-16.json	noBoth_growth1_5	0	0	0	0	0	14	-1	0	0	17703	
improvedschematics-map-LON-jul-16.json	noBoth_growthF_1_1	0	0	0	0	1	16	-1	1	0	20610	
improvedschematics-map-LON-jul-16.json	noBoth_growthF_1_15	0	0	0	0	0	12	-1	0	1	26219	
improvedschematics-map-LON-jul-16.json	noBoth_growthF_1_2	0	0	0	0	0	14	-1	0	0	21570	
improvedschematics-map-LON-jul-16.json	noBoth_growthF_1_3	0	0	0	0	0	14	-1	0	0	21985	
improvedschematics-map-LON-jul-16.json	noBoth_growthF_1_4	0	0	0	0	0	14	-1	0	0	22624	
improvedschematics-map-LON-jul-16.json	noBoth_growthF_1_75	0	0	0	0	0	14	-1	0	0	22106	
improvedschematics-map-LON-jul-16.json	noBoth_growthF_2_25	0	0	0	0	0	14	-1	0	0	21473	
improvedschematics-map-LON-jul-16.json	noContraction	0	0	0	0	0	14	-1	0	0	18976	
improvedschematics-map-LON-jul-16.json	noContraction_growth1	0	0	0	0	0	11	-1	2	1	23323	
improvedschematics-map-LON-jul-16.json	noDensity	0	0	0	0	0	14	-1	0	0	18121	
improvedschematics-map-LON-jul-16.json	noWarp	0	0	1	1	0	9	-1	0	0	16243	
improvedschematics-map-LON-jul-16.json	warp25	1	0	0	0	0	8	-1	0	0	18447	
improvedschematics-map-LON-jul-16.json	warp50	0	0	1	1	0	13	-1	0	1	16917	
improvedschematics-map-LON-jul-16.json	warp75	0	0	1	1	0	11	-1	0	0	18807	
improvedschematics-map-LON-jul-16.json	warpF_0_1	0	0	1	1	0	11	-1	0	0	20513	
improvedschematics-map-LON-jul-16.json	warpF_0_35	1	0	1	1	0	13	-1	0	1	17075	
improvedschematics-map-LON-jul-16.json	warpF_0_6	0	0	1	1	0	11	-1	0	0	23517	
improvedschematics-map-LON-jul-16.json	warpF_0_85	0	0	0	0	0	15	-1	0	0	24014	
improvedschematics-map-LON.json	base	0	0	0	0	0	12	-1	0	0	17672	
improvedschematics-map-LON.json	capsuleFilter	0	0	0	0	0	12	-1	0	0	15961	
improvedschematics-map-LON.json	capsuleFilter_noDensity	0	0	0	0	0	12	-1	0	0	15133	
improvedschematics-map-LON.json	expand1	0	0	0	0	0	12	-1	0	0	16801	
improvedschematics-map-LON.json	growth1	0	0	0	0	0	16	-1	2	0	27051	
improvedschematics-map-LON.json	growth1_25	1	0	0	0	0	12	-1	0	0	24588	
improvedschematics-map-LON.json	growth1_5	0	0	0	0	0	12	-1	0	0	19211	
improvedschematics-map-LON.json	growth2	0	0	0	0	0	12	-1	0	0	16646	
improvedschematics-map-LON.json	noBoth	0	0	0	0	0	12	-1	0	0	19915	
improvedschematics-map-LON.json	noBoth_dropTinyOff	0	0	0	0	0	11	-1	0	0	18619	
improvedschematics-map-LON.json	noBoth_expand1	0	0	0	0	0	12	-1	0	0	16678	
improvedschematics-map-LON.json	noBoth_growth1	0	0	0	0	0	16	-1	2	0	29298	
improvedschematics-map-LON.json	noBoth_growth1_5	0	0	0	0	0	12	-1	0	0	20987	
improvedschematics-map-LON.json	noContraction	0	0	0	0	0	12	-1	0	0	18164	
improvedschematics-map-LON.json	noContraction_growth1	0	0	0	0	0	16	-1	2	0	29310	
improvedschematics-map-LON.json	noDensity	0	0	0	0	0	12	-1	0	0	18462	
improvedschematics-map-LON.json	noWarp	0	0	0	0	0	11	-1	0	0	15161	
improvedschematics-map-LON.json	warp25	0	0	0	0	0	11	-1	0	0	21848	
improvedschematics-map-LON.json	warp50	0	0	0	0	0	12	-1	0	0	22771	
improvedschematics-map-LON.json	warp75	0	0	0	0	0	20	-1	0	0	21283	
improvedschematics-map-NYC-diff-2.json	base	4	0	0	0	0	34	-1	0	4	16387	
improvedschematics-map-NYC-diff-2.json	capF_growth_1	14	0	1	1	45	57	-1	4	33	37471	
improvedschematics-map-NYC-diff-2.json	capF_growth_1_25	3	0	0	0	30	48	-1	6	34	55041	
improvedschematics-map-NYC-diff-2.json	capF_growth_1_5	3	0	0	0	13	59	-1	5	23	31147	
improvedschematics-map-NYC-diff-2.json	capF_growth_2	0	0	0	0	3	56	-1	2	6	20611	
improvedschematics-map-NYC-diff-2.json	capsuleFilter	1	0	1	1	1	61	-1	0	4	22413	
improvedschematics-map-NYC-diff-2.json	capsuleFilter_noDensity	1	0	1	1	1	61	-1	0	4	26429	
improvedschematics-map-NYC-diff-2.json	expand1	4	0	0	0	0	34	-1	0	4	18605	
improvedschematics-map-NYC-diff-2.json	growth1	14	0	1	1	45	57	-1	4	33	52455	
improvedschematics-map-NYC-diff-2.json	growth1_25	8	1	2	2	2	60	-1	2	26	30252	
improvedschematics-map-NYC-diff-2.json	growth1_5	3	0	0	0	16	62	-1	1	14	26527	
improvedschematics-map-NYC-diff-2.json	growth2	1	0	0	0	0	46	-1	4	6	21666	
improvedschematics-map-NYC-diff-2.json	growthF_1_1	7	0	3	2	36	74	-1	3	30	26666	
improvedschematics-map-NYC-diff-2.json	growthF_1_15	22	0	1	1	9	86	-1	6	53	33746	
improvedschematics-map-NYC-diff-2.json	growthF_1_2	13	1	13	8	32	77	-1	3	24	37502	
improvedschematics-map-NYC-diff-2.json	growthF_1_3	12	2	28	11	18	60	-1	8	21	31415	
improvedschematics-map-NYC-diff-2.json	growthF_1_4	13	5	4	4	9	85	-1	3	26	26706	
improvedschematics-map-NYC-diff-2.json	growthF_1_75	2	0	0	0	3	61	-1	0	9	21590	
improvedschematics-map-NYC-diff-2.json	growthF_2_25	1	0	0	0	0	33	-1	1	8	26432	
improvedschematics-map-NYC-diff-2.json	noBoth	2	0	1	1	0	33	-1	2	2	29585	
improvedschematics-map-NYC-diff-2.json	noBoth_dropTinyOff	2	0	1	1	2	59	-1	1	5	20360	
improvedschematics-map-NYC-diff-2.json	noBoth_expand1	2	0	1	1	0	33	-1	2	2	30922	
improvedschematics-map-NYC-diff-2.json	noBoth_growth1	14	0	1	1	45	57	-1	4	33	42281	
improvedschematics-map-NYC-diff-2.json	noBoth_growth1_5	1	0	0	0	7	36	-1	5	14	21884	
improvedschematics-map-NYC-diff-2.json	noBoth_growthF_1_1	18	0	11	7	26	98	-1	1	36	34251	
improvedschematics-map-NYC-diff-2.json	noBoth_growthF_1_15	18	1	0	0	25	103	-1	2	50	46097	
improvedschematics-map-NYC-diff-2.json	noBoth_growthF_1_2	4	0	1	1	11	77	-1	6	22	32393	
improvedschematics-map-NYC-diff-2.json	noBoth_growthF_1_3	10	0	1	1	8	86	-1	1	21	29442	
improvedschematics-map-NYC-diff-2.json	noBoth_growthF_1_4	17	0	0	0	1	74	-1	1	14	38519	
improvedschematics-map-NYC-diff-2.json	noBoth_growthF_1_75	3	0	0	0	0	58	-1	4	5	29260	
improvedschematics-map-NYC-diff-2.json	noBoth_growthF_2_25	3	0	1	1	1	54	-1	2	8	30047	
improvedschematics-map-NYC-diff-2.json	noContraction	2	0	1	1	0	33	-1	2	2	26815	
improvedschematics-map-NYC-diff-2.json	noContraction_growth1	14	0	1	1	45	57	-1	4	33	45771	
improvedschematics-map-NYC-diff-2.json	noDensity	4	0	0	0	0	34	-1	0	4	17154	
improvedschematics-map-NYC-diff-2.json	noWarp	1	0	0	0	0	50	-1	0	9	22795	
improvedschematics-map-NYC-diff-2.json	warp25	1	0	0	0	1	61	-1	3	8	22372	
improvedschematics-map-NYC-diff-2.json	warp50	1	0	0	0	0	75	-1	0	2	23956	
improvedschematics-map-NYC-diff-2.json	warp75	1	0	0	0	0	58	-1	1	6	24183	
improvedschematics-map-NYC-diff-2.json	warpF_0_1	3	0	0	0	0	52	-1	0	8	28275	
improvedschematics-map-NYC-diff-2.json	warpF_0_35	0	0	0	0	0	38	-1	1	5	21688	
improvedschematics-map-NYC-diff-2.json	warpF_0_6	2	0	0	0	0	35	-1	2	12	25807	
improvedschematics-map-NYC-diff-2.json	warpF_0_85	1	0	0	0	0	51	-1	0	5	33653	
improvedschematics-map-NYC-EXTRA-DIFFICULT.json	base	0	2	2	2	0	149	-1	0	12	104685	
improvedschematics-map-NYC-EXTRA-DIFFICULT.json	capF_growth_1	19	3	2	1	108	200	-1	16	128	122453	
improvedschematics-map-NYC-EXTRA-DIFFICULT.json	capF_growth_1_25	32	0	5	5	81	182	-1	6	74	94672	
improvedschematics-map-NYC-EXTRA-DIFFICULT.json	capF_growth_1_5	5	0	2	2	7	196	-1	3	39	79172	
improvedschematics-map-NYC-EXTRA-DIFFICULT.json	capF_growth_2	10	1	1	1	1	198	-1	2	28	142275	
improvedschematics-map-NYC-EXTRA-DIFFICULT.json	capsuleFilter	0	0	3	2	0	144	-1	0	24	99854	
improvedschematics-map-NYC-EXTRA-DIFFICULT.json	capsuleFilter_noDensity	1	3	4	4	0	170	-1	0	16	101537	
improvedschematics-map-NYC-EXTRA-DIFFICULT.json	expand1	0	3	2	2	0	170	-1	0	9	136488	
improvedschematics-map-NYC-EXTRA-DIFFICULT.json	growth1	19	3	2	1	108	200	-1	16	128	121349	
improvedschematics-map-NYC-EXTRA-DIFFICULT.json	growth1_25	13	2	2	2	67	226	-1	8	85	64797	
improvedschematics-map-NYC-EXTRA-DIFFICULT.json	growth1_5	7	2	3	2	37	175	-1	11	49	83735	
improvedschematics-map-NYC-EXTRA-DIFFICULT.json	growth2	5	0	2	2	0	169	-1	5	26	118537	
improvedschematics-map-NYC-EXTRA-DIFFICULT.json	growthF_1_1	13	1	2	2	48	176	-1	5	70	91454	
improvedschematics-map-NYC-EXTRA-DIFFICULT.json	growthF_1_15	20	0	1	1	63	166	-1	16	68	80777	
improvedschematics-map-NYC-EXTRA-DIFFICULT.json	growthF_1_2	6	1	2	2	48	156	-1	18	53	131152	
improvedschematics-map-NYC-EXTRA-DIFFICULT.json	growthF_1_3	13	0	4	2	63	131	-1	5	51	114953	
improvedschematics-map-NYC-EXTRA-DIFFICULT.json	growthF_1_4	10	7	2	2	85	198	-1	9	76	111877	
improvedschematics-map-NYC-EXTRA-DIFFICULT.json	growthF_1_75	2	0	1	1	15	274	-1	4	35	107364	
improvedschematics-map-NYC-EXTRA-DIFFICULT.json	growthF_2_25	10	1	2	2	0	150	-1	0	29	100168	
improvedschematics-map-NYC-EXTRA-DIFFICULT.json	noBoth	0	2	2	2	0	177	-1	0	26	95492	
improvedschematics-map-NYC-EXTRA-DIFFICULT.json	noBoth_dropTinyOff	1	2	2	2	0	192	-1	0	14	114284	
improvedschematics-map-NYC-EXTRA-DIFFICULT.json	noBoth_expand1	0	2	2	2	0	177	-1	0	26	106299	
improvedschematics-map-NYC-EXTRA-DIFFICULT.json	noBoth_growth1	19	3	2	1	108	200	-1	16	128	133619	
improvedschematics-map-NYC-EXTRA-DIFFICULT.json	noBoth_growth1_5	5	1	2	2	16	170	-1	8	45	96347	
improvedschematics-map-NYC-EXTRA-DIFFICULT.json	noBoth_growthF_1_1	30	1	4	4	60	208	-1	16	120	118798	
improvedschematics-map-NYC-EXTRA-DIFFICULT.json	noBoth_growthF_1_15	23	0	11	8	37	220	-1	4	129	98714	
improvedschematics-map-NYC-EXTRA-DIFFICULT.json	noBoth_growthF_1_2	15	1	2	2	44	135	-1	6	78	75827	
improvedschematics-map-NYC-EXTRA-DIFFICULT.json	noBoth_growthF_1_3	9	3	3	2	22	141	-1	2	69	92654	
improvedschematics-map-NYC-EXTRA-DIFFICULT.json	noBoth_growthF_1_4	20	0	2	2	89	274	-1	9	84	83006	
improvedschematics-map-NYC-EXTRA-DIFFICULT.json	noBoth_growthF_1_75	4	0	2	2	15	176	-1	2	41	105337	
improvedschematics-map-NYC-EXTRA-DIFFICULT.json	noBoth_growthF_2_25	3	0	2	2	3	140	-1	0	17	89837	
improvedschematics-map-NYC-EXTRA-DIFFICULT.json	noContraction	1	2	2	2	0	138	-1	0	14	108057	
improvedschematics-map-NYC-EXTRA-DIFFICULT.json	noContraction_growth1	19	3	2	1	108	200	-1	16	128	131514	
improvedschematics-map-NYC-EXTRA-DIFFICULT.json	noDensity	0	3	2	2	0	170	-1	0	9	121632	
improvedschematics-map-NYC-EXTRA-DIFFICULT.json	noWarp	0	2	2	2	0	116	-1	0	16	102781	
improvedschematics-map-NYC-EXTRA-DIFFICULT.json	warp25	0	2	2	2	0	133	-1	0	19	64098	
improvedschematics-map-NYC-EXTRA-DIFFICULT.json	warp50	8	2	2	2	0	180	-1	0	23	116929	
improvedschematics-map-NYC-EXTRA-DIFFICULT.json	warp75	0	1	2	2	0	168	-1	0	10	91728	
improvedschematics-map-NYC-EXTRA-DIFFICULT.json	warpF_0_1	3	3	4	4	0	141	-1	0	16	87237	
improvedschematics-map-NYC-EXTRA-DIFFICULT.json	warpF_0_35	4	0	2	2	1	187	-1	0	9	88643	
improvedschematics-map-NYC-EXTRA-DIFFICULT.json	warpF_0_6	2	2	2	2	1	177	-1	0	27	98320	
improvedschematics-map-NYC-EXTRA-DIFFICULT.json	warpF_0_85	6	1	2	2	0	168	-1	0	25	91127	
improvedschematics-map-NYC-jul-11.json	base	1	0	0	0	0	20	-1	0	2	36982	
improvedschematics-map-NYC-jul-11.json	capsuleFilter	1	0	0	0	0	32	-1	0	1	21351	
improvedschematics-map-NYC-jul-11.json	capsuleFilter_noDensity	1	0	0	0	0	32	-1	0	1	17452	
improvedschematics-map-NYC-jul-11.json	expand1	1	0	0	0	0	20	-1	0	2	34021	
improvedschematics-map-NYC-jul-11.json	growth1	16	0	0	0	32	70	-1	1	34	22569	
improvedschematics-map-NYC-jul-11.json	growth1_25	3	0	4	4	17	68	-1	3	46	44809	
improvedschematics-map-NYC-jul-11.json	growth1_5	2	0	0	0	2	40	-1	2	11	30936	
improvedschematics-map-NYC-jul-11.json	growth2	0	0	2	2	2	45	-1	0	10	25089	
improvedschematics-map-NYC-jul-11.json	noBoth	1	0	0	0	0	24	-1	0	4	23264	
improvedschematics-map-NYC-jul-11.json	noBoth_dropTinyOff	2	0	0	0	0	21	-1	0	4	31641	
improvedschematics-map-NYC-jul-11.json	noBoth_expand1	1	0	0	0	0	24	-1	0	4	29921	
improvedschematics-map-NYC-jul-11.json	noBoth_growth1	16	0	0	0	32	70	-1	1	34	24939	
improvedschematics-map-NYC-jul-11.json	noBoth_growth1_5	5	1	0	0	8	47	-1	5	18	26736	
improvedschematics-map-NYC-jul-11.json	noContraction	1	0	0	0	0	24	-1	0	4	24423	
improvedschematics-map-NYC-jul-11.json	noContraction_growth1	16	0	0	0	32	70	-1	1	34	25984	
improvedschematics-map-NYC-jul-11.json	noDensity	1	0	0	0	0	20	-1	0	2	29393	
improvedschematics-map-NYC-jul-11.json	noWarp	4	0	0	0	0	37	-1	0	1	17998	
improvedschematics-map-NYC-jul-11.json	warp25	0	1	0	0	0	29	-1	0	1	55865	
improvedschematics-map-NYC-jul-11.json	warp50	1	0	0	0	0	22	-1	0	1	31726	
improvedschematics-map-NYC-jul-11.json	warp75	1	0	0	0	0	19	-1	0	2	30334	
improvedschematics-map-NYC-jul-12.json	base	1	0	0	0	0	20	-1	0	2	37787	
improvedschematics-map-NYC-jul-12.json	capsuleFilter	1	0	0	0	0	32	-1	0	1	17529	
improvedschematics-map-NYC-jul-12.json	capsuleFilter_noDensity	1	0	0	0	0	32	-1	0	1	17649	
improvedschematics-map-NYC-jul-12.json	expand1	1	0	0	0	0	20	-1	0	2	36527	
improvedschematics-map-NYC-jul-12.json	growth1	16	0	0	0	32	70	-1	1	34	23615	
improvedschematics-map-NYC-jul-12.json	growth1_25	3	0	4	4	17	68	-1	3	46	49736	
improvedschematics-map-NYC-jul-12.json	growth1_5	2	0	0	0	2	40	-1	2	11	26523	
improvedschematics-map-NYC-jul-12.json	growth2	0	0	2	2	2	45	-1	0	10	23707	
improvedschematics-map-NYC-jul-12.json	noBoth	1	0	0	0	0	24	-1	0	4	24877	
improvedschematics-map-NYC-jul-12.json	noBoth_dropTinyOff	2	0	0	0	0	21	-1	0	4	31475	
improvedschematics-map-NYC-jul-12.json	noBoth_expand1	1	0	0	0	0	24	-1	0	4	25913	
improvedschematics-map-NYC-jul-12.json	noBoth_growth1	16	0	0	0	32	70	-1	1	34	29843	
improvedschematics-map-NYC-jul-12.json	noBoth_growth1_5	5	1	0	0	8	47	-1	5	18	28020	
improvedschematics-map-NYC-jul-12.json	noContraction	1	0	0	0	0	24	-1	0	4	27481	
improvedschematics-map-NYC-jul-12.json	noContraction_growth1	16	0	0	0	32	70	-1	1	34	27547	
improvedschematics-map-NYC-jul-12.json	noDensity	1	0	0	0	0	20	-1	0	2	35534	
improvedschematics-map-NYC-jul-12.json	noWarp	4	0	0	0	0	37	-1	0	1	18857	
improvedschematics-map-NYC-jul-12.json	warp25	0	1	0	0	0	29	-1	0	1	62933	
improvedschematics-map-NYC-jul-12.json	warp50	1	0	0	0	0	22	-1	0	1	32359	
improvedschematics-map-NYC-jul-12.json	warp75	1	0	0	0	0	19	-1	0	2	28467	
improvedschematics-map-NYC-jul-14.json	base	1	0	0	0	0	20	-1	0	2	58304	
improvedschematics-map-NYC-jul-14.json	capsuleFilter	1	0	0	0	0	32	-1	0	1	40343	
improvedschematics-map-NYC-jul-14.json	capsuleFilter_noDensity	1	0	0	0	0	32	-1	0	1	40328	
improvedschematics-map-NYC-jul-14.json	expand1	1	0	0	0	0	20	-1	0	2	35200	
improvedschematics-map-NYC-jul-14.json	growth1	16	0	0	0	32	70	-1	1	34	55091	
improvedschematics-map-NYC-jul-14.json	growth1_25	3	0	4	4	17	68	-1	3	46	91693	
improvedschematics-map-NYC-jul-14.json	growth1_5	2	0	0	0	2	40	-1	2	11	31491	
improvedschematics-map-NYC-jul-14.json	growth2	0	0	2	2	2	45	-1	0	10	24038	
improvedschematics-map-NYC-jul-14.json	noBoth	1	0	0	0	0	24	-1	0	4	46307	
improvedschematics-map-NYC-jul-14.json	noBoth_dropTinyOff	2	0	0	0	0	21	-1	0	4	29775	
improvedschematics-map-NYC-jul-14.json	noBoth_expand1	1	0	0	0	0	24	-1	0	4	26418	
improvedschematics-map-NYC-jul-14.json	noBoth_growth1	16	0	0	0	32	70	-1	1	34	23956	
improvedschematics-map-NYC-jul-14.json	noBoth_growth1_5	5	1	0	0	8	47	-1	5	18	23879	
improvedschematics-map-NYC-jul-14.json	noContraction	1	0	0	0	0	24	-1	0	4	47536	
improvedschematics-map-NYC-jul-14.json	noContraction_growth1	16	0	0	0	32	70	-1	1	34	25318	
improvedschematics-map-NYC-jul-14.json	noDensity	1	0	0	0	0	20	-1	0	2	64746	
improvedschematics-map-NYC-jul-14.json	noWarp	4	0	0	0	0	37	-1	0	1	39182	
improvedschematics-map-NYC-jul-14.json	warp25	0	1	0	0	0	29	-1	0	1	49723	
improvedschematics-map-NYC-jul-14.json	warp50	1	0	0	0	0	22	-1	0	1	52433	
improvedschematics-map-NYC-jul-14.json	warp75	1	0	0	0	0	19	-1	0	2	54565	
improvedschematics-map-NYC-jul-16-2.json	base	1	0	0	0	0	29	-1	0	2	25715	
improvedschematics-map-NYC-jul-16-2.json	capF_growth_1	16	0	0	0	32	70	-1	1	34	27651	
improvedschematics-map-NYC-jul-16-2.json	capF_growth_1_25	5	0	0	0	21	81	-1	4	29	36253	
improvedschematics-map-NYC-jul-16-2.json	capF_growth_1_5	2	0	0	0	18	37	-1	1	21	31876	
improvedschematics-map-NYC-jul-16-2.json	capF_growth_2	0	0	2	2	0	46	-1	1	9	29977	
improvedschematics-map-NYC-jul-16-2.json	capsuleFilter	0	0	0	0	0	31	-1	0	2	22895	
improvedschematics-map-NYC-jul-16-2.json	capsuleFilter_noDensity	0	0	0	0	0	31	-1	0	2	22885	
improvedschematics-map-NYC-jul-16-2.json	expand1	1	0	0	0	0	29	-1	0	2	27909	
improvedschematics-map-NYC-jul-16-2.json	growth1	16	0	0	0	32	70	-1	1	34	23781	
improvedschematics-map-NYC-jul-16-2.json	growth1_25	3	0	4	4	17	68	-1	3	46	32736	
improvedschematics-map-NYC-jul-16-2.json	growth1_5	2	0	0	0	2	40	-1	2	11	29285	
improvedschematics-map-NYC-jul-16-2.json	growth2	0	0	2	2	2	45	-1	0	10	22459	
improvedschematics-map-NYC-jul-16-2.json	growthF_1_1	10	0	0	0	8	48	-1	4	23	35754	
improvedschematics-map-NYC-jul-16-2.json	growthF_1_15	13	0	0	0	8	64	-1	2	27	28932	
improvedschematics-map-NYC-jul-16-2.json	growthF_1_2	5	0	1	1	7	86	-1	2	18	46550	
improvedschematics-map-NYC-jul-16-2.json	growthF_1_3	1	1	0	0	14	44	-1	8	20	23330	
improvedschematics-map-NYC-jul-16-2.json	growthF_1_4	3	0	0	0	1	42	-1	7	15	33662	
improvedschematics-map-NYC-jul-16-2.json	growthF_1_75	1	0	1	1	0	52	-1	1	6	33814	
improvedschematics-map-NYC-jul-16-2.json	growthF_2_25	3	0	1	1	0	46	-1	1	4	24474	
improvedschematics-map-NYC-jul-16-2.json	noBoth	1	0	0	0	0	20	-1	0	3	21297	
improvedschematics-map-NYC-jul-16-2.json	noBoth_dropTinyOff	1	0	0	0	0	25	-1	0	1	24738	
improvedschematics-map-NYC-jul-16-2.json	noBoth_expand1	1	0	0	0	0	20	-1	0	3	25216	
improvedschematics-map-NYC-jul-16-2.json	noBoth_growth1	16	0	0	0	32	70	-1	1	34	22322	
improvedschematics-map-NYC-jul-16-2.json	noBoth_growth1_5	5	1	0	0	8	47	-1	5	18	22207	
improvedschematics-map-NYC-jul-16-2.json	noBoth_growthF_1_1	12	1	0	0	19	42	-1	1	29	26576	
improvedschematics-map-NYC-jul-16-2.json	noBoth_growthF_1_15	3	0	0	0	11	61	-1	5	18	42918	
improvedschematics-map-NYC-jul-16-2.json	noBoth_growthF_1_2	3	0	0	0	42	63	-1	2	21	38868	
improvedschematics-map-NYC-jul-16-2.json	noBoth_growthF_1_3	2	1	0	0	5	85	-1	3	19	54313	
improvedschematics-map-NYC-jul-16-2.json	noBoth_growthF_1_4	5	0	12	8	5	80	-1	5	21	35377	
improvedschematics-map-NYC-jul-16-2.json	noBoth_growthF_1_75	0	0	1	1	0	61	-1	0	10	29022	
improvedschematics-map-NYC-jul-16-2.json	noBoth_growthF_2_25	2	0	3	3	0	29	-1	2	1	24838	
improvedschematics-map-NYC-jul-16-2.json	noContraction	1	0	0	0	0	20	-1	0	3	21332	
improvedschematics-map-NYC-jul-16-2.json	noContraction_growth1	16	0	0	0	32	70	-1	1	34	23016	
improvedschematics-map-NYC-jul-16-2.json	noDensity	1	0	0	0	0	29	-1	0	2	26235	
improvedschematics-map-NYC-jul-16-2.json	noWarp	0	0	0	0	0	16	-1	0	0	18873	
improvedschematics-map-NYC-jul-16-2.json	warp25	2	0	1	1	0	46	-1	0	2	40477	
improvedschematics-map-NYC-jul-16-2.json	warp50	0	0	0	0	0	24	-1	0	2	21502	
improvedschematics-map-NYC-jul-16-2.json	warp75	1	0	0	0	0	17	-1	0	0	23741	
improvedschematics-map-NYC-jul-16-2.json	warpF_0_1	1	0	0	0	0	30	-1	0	0	22952	
improvedschematics-map-NYC-jul-16-2.json	warpF_0_35	1	0	0	0	0	34	-1	0	1	33062	
improvedschematics-map-NYC-jul-16-2.json	warpF_0_6	1	0	0	0	0	27	-1	0	1	27666	
improvedschematics-map-NYC-jul-16-2.json	warpF_0_85	0	0	0	0	0	27	-1	0	6	36915	
improvedschematics-map-NYC-Jul-4.json	base	1	0	0	0	0	44	-1	0	3	19673	
improvedschematics-map-NYC-Jul-4.json	capsuleFilter	0	0	0	0	0	64	-1	0	3	24535	
improvedschematics-map-NYC-Jul-4.json	capsuleFilter_noDensity	0	0	0	0	0	64	-1	0	3	25218	
improvedschematics-map-NYC-Jul-4.json	expand1	1	0	0	0	0	44	-1	0	3	21193	
improvedschematics-map-NYC-Jul-4.json	growth1	14	0	1	1	45	57	-1	4	33	41786	
improvedschematics-map-NYC-Jul-4.json	growth1_25	8	1	2	2	2	60	-1	2	26	29299	
improvedschematics-map-NYC-Jul-4.json	growth1_5	3	0	0	0	16	62	-1	1	14	26252	
improvedschematics-map-NYC-Jul-4.json	growth2	1	0	0	0	0	46	-1	4	6	23536	
improvedschematics-map-NYC-Jul-4.json	noBoth	2	0	0	0	0	68	-1	0	2	21599	
improvedschematics-map-NYC-Jul-4.json	noBoth_dropTinyOff	3	0	0	0	0	60	-1	0	4	23152	
improvedschematics-map-NYC-Jul-4.json	noBoth_expand1	2	0	0	0	0	68	-1	0	2	28668	
improvedschematics-map-NYC-Jul-4.json	noBoth_growth1	14	0	1	1	45	57	-1	4	33	39264	
improvedschematics-map-NYC-Jul-4.json	noBoth_growth1_5	1	0	0	0	7	36	-1	5	14	22708	
improvedschematics-map-NYC-Jul-4.json	noContraction	2	0	0	0	0	68	-1	0	2	21507	
improvedschematics-map-NYC-Jul-4.json	noContraction_growth1	14	0	1	1	45	57	-1	4	33	40894	
improvedschematics-map-NYC-Jul-4.json	noDensity	1	0	0	0	0	44	-1	0	3	20061	
improvedschematics-map-NYC-Jul-4.json	noWarp	0	0	0	0	0	64	-1	0	12	23556	
improvedschematics-map-NYC-Jul-4.json	warp25	1	0	0	0	0	33	-1	0	6	19319	
improvedschematics-map-NYC-Jul-4.json	warp50	2	0	0	0	0	58	-1	0	12	19398	
improvedschematics-map-NYC-Jul-4.json	warp75	1	0	0	0	0	45	-1	0	3	15587	
improvedschematics-map-NYC-jul-5-2.json	base	2	0	0	0	0	43	-1	0	2	22492	
improvedschematics-map-NYC-jul-5-2.json	capsuleFilter	1	0	0	0	0	28	-1	0	3	27851	
improvedschematics-map-NYC-jul-5-2.json	capsuleFilter_noDensity	2	0	0	0	0	23	-1	0	6	31914	
improvedschematics-map-NYC-jul-5-2.json	expand1	2	0	0	0	0	28	-1	0	2	29134	
improvedschematics-map-NYC-jul-5-2.json	growth1	16	0	1	1	19	49	-1	6	34	44317	
improvedschematics-map-NYC-jul-5-2.json	growth1_25	3	0	0	0	4	34	-1	4	19	29958	
improvedschematics-map-NYC-jul-5-2.json	growth1_5	10	0	0	0	1	60	-1	4	4	27023	
improvedschematics-map-NYC-jul-5-2.json	growth2	2	0	0	0	0	42	-1	1	9	32748	
improvedschematics-map-NYC-jul-5-2.json	noBoth	1	0	0	0	0	24	-1	0	3	25258	
improvedschematics-map-NYC-jul-5-2.json	noBoth_dropTinyOff	1	0	0	0	0	35	-1	0	2	24860	
improvedschematics-map-NYC-jul-5-2.json	noBoth_expand1	1	0	0	0	0	24	-1	0	3	32360	
improvedschematics-map-NYC-jul-5-2.json	noBoth_growth1	16	0	1	1	19	49	-1	6	34	53314	
improvedschematics-map-NYC-jul-5-2.json	noBoth_growth1_5	2	0	1	1	7	70	-1	1	19	48832	
improvedschematics-map-NYC-jul-5-2.json	noContraction	2	0	0	0	0	39	-1	0	2	20084	
improvedschematics-map-NYC-jul-5-2.json	noContraction_growth1	16	0	1	1	19	49	-1	6	34	62534	
improvedschematics-map-NYC-jul-5-2.json	noDensity	2	0	0	0	0	28	-1	0	2	38197	
improvedschematics-map-NYC-jul-5-2.json	noWarp	1	0	0	0	0	33	-1	0	0	21203	
improvedschematics-map-NYC-jul-5-2.json	warp25	0	0	0	0	0	36	-1	0	0	25352	
improvedschematics-map-NYC-jul-5-2.json	warp50	2	0	0	0	0	40	-1	0	2	33229	
improvedschematics-map-NYC-jul-5-2.json	warp75	2	0	1	1	0	34	-1	0	1	29080	
improvedschematics-map-NYC-jul-5.json	base	2	0	0	0	0	43	-1	0	2	30205	
improvedschematics-map-NYC-jul-5.json	capsuleFilter	1	0	0	0	0	28	-1	0	3	27750	
improvedschematics-map-NYC-jul-5.json	capsuleFilter_noDensity	2	0	0	0	0	23	-1	0	6	31828	
improvedschematics-map-NYC-jul-5.json	expand1	2	0	0	0	0	28	-1	0	2	33772	
improvedschematics-map-NYC-jul-5.json	growth1	16	0	1	1	19	49	-1	6	34	45653	
improvedschematics-map-NYC-jul-5.json	growth1_25	3	0	0	0	4	34	-1	4	19	35978	
improvedschematics-map-NYC-jul-5.json	growth1_5	10	0	0	0	1	60	-1	4	4	24572	
improvedschematics-map-NYC-jul-5.json	growth2	2	0	0	0	0	42	-1	1	9	30915	
improvedschematics-map-NYC-jul-5.json	noBoth	1	0	0	0	0	24	-1	0	3	34625	
improvedschematics-map-NYC-jul-5.json	noBoth_dropTinyOff	1	0	0	0	0	35	-1	0	2	23690	
improvedschematics-map-NYC-jul-5.json	noBoth_expand1	1	0	0	0	0	24	-1	0	3	29360	
improvedschematics-map-NYC-jul-5.json	noBoth_growth1	16	0	1	1	19	49	-1	6	34	54249	
improvedschematics-map-NYC-jul-5.json	noBoth_growth1_5	2	0	1	1	7	70	-1	1	19	51034	
improvedschematics-map-NYC-jul-5.json	noContraction	2	0	0	0	0	39	-1	0	2	22048	
improvedschematics-map-NYC-jul-5.json	noContraction_growth1	16	0	1	1	19	49	-1	6	34	56267	
improvedschematics-map-NYC-jul-5.json	noDensity	2	0	0	0	0	28	-1	0	2	28743	
improvedschematics-map-NYC-jul-5.json	noWarp	1	0	0	0	0	33	-1	0	0	21015	
improvedschematics-map-NYC-jul-5.json	warp25	0	0	0	0	0	36	-1	0	0	25913	
improvedschematics-map-NYC-jul-5.json	warp50	2	0	0	0	0	40	-1	0	2	37204	
improvedschematics-map-NYC-jul-5.json	warp75	2	0	1	1	0	34	-1	0	1	29715	
improvedschematics-map-NYC-jul-7-2.json	base	1	0	0	0	0	20	-1	0	2	34150	
improvedschematics-map-NYC-jul-7-2.json	capsuleFilter	1	0	0	0	0	32	-1	0	1	18838	
improvedschematics-map-NYC-jul-7-2.json	capsuleFilter_noDensity	1	0	0	0	0	32	-1	0	1	18759	
improvedschematics-map-NYC-jul-7-2.json	expand1	1	0	0	0	0	20	-1	0	2	36054	
improvedschematics-map-NYC-jul-7-2.json	growth1	16	0	0	0	32	70	-1	1	34	25049	
improvedschematics-map-NYC-jul-7-2.json	growth1_25	3	0	4	4	17	68	-1	3	46	45356	
improvedschematics-map-NYC-jul-7-2.json	growth1_5	2	0	0	0	2	40	-1	2	11	33208	
improvedschematics-map-NYC-jul-7-2.json	growth2	0	0	2	2	2	45	-1	0	10	25635	
improvedschematics-map-NYC-jul-7-2.json	noBoth	1	0	0	0	0	24	-1	0	4	25587	
improvedschematics-map-NYC-jul-7-2.json	noBoth_dropTinyOff	2	0	0	0	0	21	-1	0	4	34292	
improvedschematics-map-NYC-jul-7-2.json	noBoth_expand1	1	0	0	0	0	24	-1	0	4	30937	
improvedschematics-map-NYC-jul-7-2.json	noBoth_growth1	16	0	0	0	32	70	-1	1	34	26285	
improvedschematics-map-NYC-jul-7-2.json	noBoth_growth1_5	5	1	0	0	8	47	-1	5	18	25482	
improvedschematics-map-NYC-jul-7-2.json	noContraction	1	0	0	0	0	24	-1	0	4	25515	
improvedschematics-map-NYC-jul-7-2.json	noContraction_growth1	16	0	0	0	32	70	-1	1	34	25188	
improvedschematics-map-NYC-jul-7-2.json	noDensity	1	0	0	0	0	20	-1	0	2	35092	
improvedschematics-map-NYC-jul-7-2.json	noWarp	4	0	0	0	0	37	-1	0	1	21085	
improvedschematics-map-NYC-jul-7-2.json	warp25	0	1	0	0	0	29	-1	0	1	62330	
improvedschematics-map-NYC-jul-7-2.json	warp50	1	0	0	0	0	22	-1	0	1	37347	
improvedschematics-map-NYC-jul-7-2.json	warp75	1	0	0	0	0	19	-1	0	2	34172	
improvedschematics-map-NYC-jul-9.json	base	1	0	0	0	0	20	-1	0	2	36894	
improvedschematics-map-NYC-jul-9.json	capsuleFilter	1	0	0	0	0	32	-1	0	1	19991	
improvedschematics-map-NYC-jul-9.json	capsuleFilter_noDensity	1	0	0	0	0	32	-1	0	1	20045	
improvedschematics-map-NYC-jul-9.json	expand1	1	0	0	0	0	20	-1	0	2	38161	
improvedschematics-map-NYC-jul-9.json	growth1	16	0	0	0	32	70	-1	1	34	25323	
improvedschematics-map-NYC-jul-9.json	growth1_25	3	0	4	4	17	68	-1	3	46	36494	
improvedschematics-map-NYC-jul-9.json	growth1_5	2	0	0	0	2	40	-1	2	11	30552	
improvedschematics-map-NYC-jul-9.json	growth2	0	0	2	2	2	45	-1	0	10	26801	
improvedschematics-map-NYC-jul-9.json	noBoth	1	0	0	0	0	24	-1	0	4	26505	
improvedschematics-map-NYC-jul-9.json	noBoth_dropTinyOff	2	0	0	0	0	21	-1	0	4	31206	
improvedschematics-map-NYC-jul-9.json	noBoth_expand1	1	0	0	0	0	24	-1	0	4	29573	
improvedschematics-map-NYC-jul-9.json	noBoth_growth1	16	0	0	0	32	70	-1	1	34	27360	
improvedschematics-map-NYC-jul-9.json	noBoth_growth1_5	5	1	0	0	8	47	-1	5	18	26980	
improvedschematics-map-NYC-jul-9.json	noContraction	1	0	0	0	0	24	-1	0	4	25943	
improvedschematics-map-NYC-jul-9.json	noContraction_growth1	16	0	0	0	32	70	-1	1	34	28268	
improvedschematics-map-NYC-jul-9.json	noDensity	1	0	0	0	0	20	-1	0	2	34005	
improvedschematics-map-NYC-jul-9.json	noWarp	4	0	0	0	0	37	-1	0	1	22596	
improvedschematics-map-NYC-jul-9.json	warp25	0	1	0	0	0	29	-1	0	1	52214	
improvedschematics-map-NYC-jul-9.json	warp50	1	0	0	0	0	22	-1	0	1	33985	
improvedschematics-map-NYC-jul-9.json	warp75	1	0	0	0	0	19	-1	0	2	36930	
improvedschematics-map-NYC-jul7.json	base	1	0	0	0	0	20	-1	0	2	34732	
improvedschematics-map-NYC-jul7.json	capsuleFilter	1	0	0	0	0	32	-1	0	1	19635	
improvedschematics-map-NYC-jul7.json	capsuleFilter_noDensity	1	0	0	0	0	32	-1	0	1	19635	
improvedschematics-map-NYC-jul7.json	expand1	1	0	0	0	0	20	-1	0	2	39119	
improvedschematics-map-NYC-jul7.json	growth1	16	0	0	0	32	70	-1	1	34	24393	
improvedschematics-map-NYC-jul7.json	growth1_25	3	0	4	4	17	68	-1	3	46	51220	
improvedschematics-map-NYC-jul7.json	growth1_5	2	0	0	0	2	40	-1	2	11	32459	
improvedschematics-map-NYC-jul7.json	growth2	0	0	2	2	2	45	-1	0	10	26696	
improvedschematics-map-NYC-jul7.json	noBoth	1	0	0	0	0	24	-1	0	4	23945	
improvedschematics-map-NYC-jul7.json	noBoth_dropTinyOff	2	0	0	0	0	21	-1	0	4	40109	
improvedschematics-map-NYC-jul7.json	noBoth_expand1	1	0	0	0	0	24	-1	0	4	26431	
improvedschematics-map-NYC-jul7.json	noBoth_growth1	16	0	0	0	32	70	-1	1	34	23635	
improvedschematics-map-NYC-jul7.json	noBoth_growth1_5	5	1	0	0	8	47	-1	5	18	26209	
improvedschematics-map-NYC-jul7.json	noContraction	1	0	0	0	0	24	-1	0	4	26926	
improvedschematics-map-NYC-jul7.json	noContraction_growth1	16	0	0	0	32	70	-1	1	34	26247	
improvedschematics-map-NYC-jul7.json	noDensity	1	0	0	0	0	20	-1	0	2	31829	
improvedschematics-map-NYC-jul7.json	noWarp	4	0	0	0	0	37	-1	0	1	21267	
improvedschematics-map-NYC-jul7.json	warp25	0	1	0	0	0	29	-1	0	1	53176	
improvedschematics-map-NYC-jul7.json	warp50	1	0	0	0	0	22	-1	0	1	38252	
improvedschematics-map-NYC-jul7.json	warp75	1	0	0	0	0	19	-1	0	2	32894	
improvedschematics-map-SEA-2.json	base	0	0	0	0	0	21	-1	0	1	25740	
improvedschematics-map-SEA-2.json	capsuleFilter	0	0	0	0	0	21	-1	0	1	21239	
improvedschematics-map-SEA-2.json	capsuleFilter_noDensity	1	0	0	0	0	17	-1	1	3	14054	
improvedschematics-map-SEA-2.json	expand1	0	0	0	0	0	21	-1	0	1	23368	
improvedschematics-map-SEA-2.json	growth1	1	0	0	0	4	18	-1	3	2	16043	
improvedschematics-map-SEA-2.json	growth1_25	0	0	0	0	1	19	-1	2	2	28380	
improvedschematics-map-SEA-2.json	growth1_5	0	0	0	0	0	21	-1	0	1	21375	
improvedschematics-map-SEA-2.json	growth2	0	0	0	0	0	21	-1	0	1	24460	
improvedschematics-map-SEA-2.json	noBoth	1	0	0	0	0	17	-1	1	3	14316	
improvedschematics-map-SEA-2.json	noBoth_dropTinyOff	1	0	0	0	0	17	-1	1	3	15586	
improvedschematics-map-SEA-2.json	noBoth_expand1	1	0	0	0	0	17	-1	1	3	14419	
improvedschematics-map-SEA-2.json	noBoth_growth1	1	0	0	0	4	18	-1	3	2	16553	
improvedschematics-map-SEA-2.json	noBoth_growth1_5	1	0	0	0	0	17	-1	1	3	14498	
improvedschematics-map-SEA-2.json	noContraction	0	0	0	0	0	21	-1	0	1	20894	
improvedschematics-map-SEA-2.json	noContraction_growth1	1	0	0	0	4	18	-1	3	2	16823	
improvedschematics-map-SEA-2.json	noDensity	1	0	0	0	0	17	-1	1	3	15340	
improvedschematics-map-SEA-2.json	noWarp	1	0	0	0	0	23	-1	0	1	32262	
improvedschematics-map-SEA-2.json	warp25	1	0	0	0	0	14	-1	0	0	19144	
improvedschematics-map-SEA-2.json	warp50	0	0	0	0	0	21	-1	1	0	18681	
improvedschematics-map-SEA-2.json	warp75	0	0	0	0	2	16	-1	1	1	35468	
improvedschematics-map-SEA-jul-11-2.json	base	1	0	0	0	0	19	-1	0	1	24730	
improvedschematics-map-SEA-jul-11-2.json	capF_growth_1	1	0	0	0	4	18	-1	3	2	19011	
improvedschematics-map-SEA-jul-11-2.json	capF_growth_1_25	0	0	0	0	0	19	-1	3	2	27454	
improvedschematics-map-SEA-jul-11-2.json	capF_growth_1_5	1	0	0	0	0	19	-1	0	1	24202	
improvedschematics-map-SEA-jul-11-2.json	capF_growth_2	1	0	0	0	0	19	-1	0	1	22474	
improvedschematics-map-SEA-jul-11-2.json	capsuleFilter	1	0	0	0	0	19	-1	0	1	24312	
improvedschematics-map-SEA-jul-11-2.json	capsuleFilter_noDensity	1	0	0	0	0	17	-1	1	3	17431	
improvedschematics-map-SEA-jul-11-2.json	expand1	1	0	0	0	0	19	-1	0	1	29174	
improvedschematics-map-SEA-jul-11-2.json	growth1	1	0	0	0	4	18	-1	3	2	17178	
improvedschematics-map-SEA-jul-11-2.json	growth1_25	0	0	0	0	0	19	-1	3	2	30490	
improvedschematics-map-SEA-jul-11-2.json	growth1_5	1	0	0	0	0	19	-1	0	1	28485	
improvedschematics-map-SEA-jul-11-2.json	growth2	1	0	0	0	0	19	-1	0	1	26611	
improvedschematics-map-SEA-jul-11-2.json	growthF_1_1	0	0	0	0	2	17	-1	2	1	32202	
improvedschematics-map-SEA-jul-11-2.json	growthF_1_15	0	0	0	0	0	14	-1	4	1	27868	
improvedschematics-map-SEA-jul-11-2.json	growthF_1_2	0	0	0	0	0	10	-1	3	0	28798	
improvedschematics-map-SEA-jul-11-2.json	growthF_1_3	0	0	0	0	0	11	-1	2	2	40235	
improvedschematics-map-SEA-jul-11-2.json	growthF_1_4	1	0	0	0	0	11	-1	0	1	24142	
improvedschematics-map-SEA-jul-11-2.json	growthF_1_75	1	0	0	0	0	19	-1	0	1	28798	
improvedschematics-map-SEA-jul-11-2.json	growthF_2_25	1	0	0	0	0	19	-1	0	1	27010	
improvedschematics-map-SEA-jul-11-2.json	noBoth	1	0	0	0	0	17	-1	1	3	14852	
improvedschematics-map-SEA-jul-11-2.json	noBoth_dropTinyOff	1	0	0	0	0	17	-1	1	3	18393	
improvedschematics-map-SEA-jul-11-2.json	noBoth_expand1	1	0	0	0	0	17	-1	1	3	18223	
improvedschematics-map-SEA-jul-11-2.json	noBoth_growth1	1	0	0	0	4	18	-1	3	2	16783	
improvedschematics-map-SEA-jul-11-2.json	noBoth_growth1_5	1	0	0	0	0	17	-1	1	3	16861	
improvedschematics-map-SEA-jul-11-2.json	noBoth_growthF_1_1	0	0	0	0	0	18	-1	3	0	24880	
improvedschematics-map-SEA-jul-11-2.json	noBoth_growthF_1_15	0	0	0	0	0	15	-1	2	1	21256	
improvedschematics-map-SEA-jul-11-2.json	noBoth_growthF_1_2	0	0	0	0	0	16	-1	4	1	36179	
improvedschematics-map-SEA-jul-11-2.json	noBoth_growthF_1_3	1	0	0	0	1	16	-1	1	4	22351	
improvedschematics-map-SEA-jul-11-2.json	noBoth_growthF_1_4	1	0	0	0	0	17	-1	1	3	17846	
improvedschematics-map-SEA-jul-11-2.json	noBoth_growthF_1_75	1	0	0	0	0	17	-1	1	3	19536	
improvedschematics-map-SEA-jul-11-2.json	noBoth_growthF_2_25	1	0	0	0	0	17	-1	1	3	18846	
improvedschematics-map-SEA-jul-11-2.json	noContraction	1	0	0	0	0	19	-1	0	1	27880	
improvedschematics-map-SEA-jul-11-2.json	noContraction_growth1	1	0	0	0	4	18	-1	3	2	16707	
improvedschematics-map-SEA-jul-11-2.json	noDensity	1	0	0	0	0	17	-1	1	3	15434	
improvedschematics-map-SEA-jul-11-2.json	noWarp	0	0	0	0	0	18	-1	0	1	24146	
improvedschematics-map-SEA-jul-11-2.json	warp25	0	0	0	0	0	21	-1	2	1	23058	
improvedschematics-map-SEA-jul-11-2.json	warp50	1	0	0	0	0	15	-1	0	1	21022	
improvedschematics-map-SEA-jul-11-2.json	warp75	0	0	0	0	2	14	-1	1	1	26034	
improvedschematics-map-SEA-jul-11-2.json	warpF_0_1	0	0	0	0	0	8	-1	1	0	17834	
improvedschematics-map-SEA-jul-11-2.json	warpF_0_35	0	0	0	0	0	20	-1	1	2	30208	
improvedschematics-map-SEA-jul-11-2.json	warpF_0_6	0	0	0	0	0	24	-1	0	1	19486	
improvedschematics-map-SEA-jul-11-2.json	warpF_0_85	1	0	0	0	0	15	-1	0	3	25427	
improvedschematics-map-SEA-jul-11.json	base	0	0	0	0	0	16	-1	4	2	25270	
improvedschematics-map-SEA-jul-11.json	capsuleFilter	0	0	0	0	0	16	-1	4	2	26415	
improvedschematics-map-SEA-jul-11.json	capsuleFilter_noDensity	0	0	0	0	0	16	-1	4	2	26102	
improvedschematics-map-SEA-jul-11.json	expand1	0	0	0	0	0	16	-1	4	2	26124	
improvedschematics-map-SEA-jul-11.json	growth1	0	0	0	0	0	16	-1	4	2	26451	
improvedschematics-map-SEA-jul-11.json	growth1_25	0	0	0	0	0	16	-1	4	2	25987	
improvedschematics-map-SEA-jul-11.json	growth1_5	0	0	0	0	0	16	-1	4	2	26317	
improvedschematics-map-SEA-jul-11.json	growth2	0	0	0	0	0	16	-1	4	2	25769	
improvedschematics-map-SEA-jul-11.json	noBoth	0	0	0	0	0	16	-1	4	2	25243	
improvedschematics-map-SEA-jul-11.json	noBoth_dropTinyOff	0	0	0	0	0	16	-1	4	2	25814	
improvedschematics-map-SEA-jul-11.json	noBoth_expand1	0	0	0	0	0	16	-1	4	2	26529	
improvedschematics-map-SEA-jul-11.json	noBoth_growth1	0	0	0	0	0	16	-1	4	2	25563	
improvedschematics-map-SEA-jul-11.json	noBoth_growth1_5	0	0	0	0	0	16	-1	4	2	25748	
improvedschematics-map-SEA-jul-11.json	noContraction	0	0	0	0	0	16	-1	4	2	26237	
improvedschematics-map-SEA-jul-11.json	noContraction_growth1	0	0	0	0	0	16	-1	4	2	25852	
improvedschematics-map-SEA-jul-11.json	noDensity	0	0	0	0	0	16	-1	4	2	25389	
improvedschematics-map-SEA-jul-11.json	noWarp	1	1	0	0	0	6	-1	6	1	21746	
improvedschematics-map-SEA-jul-11.json	warp25	0	0	0	0	0	19	-1	3	3	20449	
improvedschematics-map-SEA-jul-11.json	warp50	0	0	0	0	1	13	-1	3	2	30622	
improvedschematics-map-SEA-jul-11.json	warp75	0	0	0	0	2	13	-1	2	7	25394	
improvedschematics-map-SEA-split-station-grp.json	base	0	0	0	0	0	16	-1	4	2	25772	
improvedschematics-map-SEA-split-station-grp.json	capsuleFilter	0	0	0	0	0	16	-1	4	2	25929	
improvedschematics-map-SEA-split-station-grp.json	capsuleFilter_noDensity	0	0	0	0	0	16	-1	4	2	26413	
improvedschematics-map-SEA-split-station-grp.json	expand1	0	0	0	0	0	16	-1	4	2	25466	
improvedschematics-map-SEA-split-station-grp.json	growth1	0	0	0	0	0	16	-1	4	2	25877	
improvedschematics-map-SEA-split-station-grp.json	growth1_25	0	0	0	0	0	16	-1	4	2	25971	
improvedschematics-map-SEA-split-station-grp.json	growth1_5	0	0	0	0	0	16	-1	4	2	26505	
improvedschematics-map-SEA-split-station-grp.json	growth2	0	0	0	0	0	16	-1	4	2	25566	
improvedschematics-map-SEA-split-station-grp.json	noBoth	0	0	0	0	0	16	-1	4	2	25269	
improvedschematics-map-SEA-split-station-grp.json	noBoth_dropTinyOff	0	0	0	0	0	16	-1	4	2	25522	
improvedschematics-map-SEA-split-station-grp.json	noBoth_expand1	0	0	0	0	0	16	-1	4	2	24495	
improvedschematics-map-SEA-split-station-grp.json	noBoth_growth1	0	0	0	0	0	16	-1	4	2	24754	
improvedschematics-map-SEA-split-station-grp.json	noBoth_growth1_5	0	0	0	0	0	16	-1	4	2	24684	
improvedschematics-map-SEA-split-station-grp.json	noContraction	0	0	0	0	0	16	-1	4	2	24839	
improvedschematics-map-SEA-split-station-grp.json	noContraction_growth1	0	0	0	0	0	16	-1	4	2	24509	
improvedschematics-map-SEA-split-station-grp.json	noDensity	0	0	0	0	0	16	-1	4	2	26321	
improvedschematics-map-SEA-split-station-grp.json	noWarp	1	1	0	0	0	6	-1	6	1	22092	
improvedschematics-map-SEA-split-station-grp.json	warp25	0	0	0	0	0	19	-1	3	3	21309	
improvedschematics-map-SEA-split-station-grp.json	warp50	0	0	0	0	1	13	-1	3	2	30717	
improvedschematics-map-SEA-split-station-grp.json	warp75	0	0	0	0	2	13	-1	2	7	26363	
improvedschematics-map-SEA.json	base	0	0	0	0	0	21	-1	0	1	21617	
improvedschematics-map-SEA.json	capsuleFilter	0	0	0	0	0	21	-1	0	1	22757	
improvedschematics-map-SEA.json	capsuleFilter_noDensity	1	0	0	0	0	17	-1	1	3	14068	
improvedschematics-map-SEA.json	expand1	0	0	0	0	0	21	-1	0	1	21223	
improvedschematics-map-SEA.json	growth1	1	0	0	0	4	18	-1	3	2	16440	
improvedschematics-map-SEA.json	growth1_25	0	0	0	0	1	19	-1	2	2	29238	
improvedschematics-map-SEA.json	growth1_5	0	0	0	0	0	21	-1	0	1	19558	
improvedschematics-map-SEA.json	growth2	0	0	0	0	0	21	-1	0	1	22305	
improvedschematics-map-SEA.json	noBoth	1	0	0	0	0	17	-1	1	3	15668	
improvedschematics-map-SEA.json	noBoth_dropTinyOff	1	0	0	0	0	17	-1	1	3	15275	
improvedschematics-map-SEA.json	noBoth_expand1	1	0	0	0	0	17	-1	1	3	14405	
improvedschematics-map-SEA.json	noBoth_growth1	1	0	0	0	4	18	-1	3	2	16062	
improvedschematics-map-SEA.json	noBoth_growth1_5	1	0	0	0	0	17	-1	1	3	14964	
improvedschematics-map-SEA.json	noContraction	0	0	0	0	0	21	-1	0	1	23631	
improvedschematics-map-SEA.json	noContraction_growth1	1	0	0	0	4	18	-1	3	2	17338	
improvedschematics-map-SEA.json	noDensity	1	0	0	0	0	17	-1	1	3	14063	
improvedschematics-map-SEA.json	noWarp	1	0	0	0	0	23	-1	0	1	24655	
improvedschematics-map-SEA.json	warp25	1	0	0	0	0	14	-1	0	0	18063	
improvedschematics-map-SEA.json	warp50	0	0	0	0	0	21	-1	1	0	22995	
improvedschematics-map-SEA.json	warp75	0	0	0	0	2	16	-1	1	1	37170	
improvedschematics-map-SF-jul-10.json	base	2	2	2	2	5	32	-1	2	5	23046	
improvedschematics-map-SF-jul-10.json	capsuleFilter	10	1	3	3	5	45	-1	1	4	37946	
improvedschematics-map-SF-jul-10.json	capsuleFilter_noDensity	10	1	3	3	5	45	-1	1	4	33539	
improvedschematics-map-SF-jul-10.json	expand1	2	2	2	2	5	32	-1	2	5	25342	
improvedschematics-map-SF-jul-10.json	growth1	11	0	3	3	20	56	-1	2	11	54730	
improvedschematics-map-SF-jul-10.json	growth1_25	8	0	1	1	27	59	-1	4	24	63477	
improvedschematics-map-SF-jul-10.json	growth1_5	1	0	0	0	1	34	-1	1	10	37287	
improvedschematics-map-SF-jul-10.json	growth2	4	0	0	0	1	55	-1	1	6	43109	
improvedschematics-map-SF-jul-10.json	noBoth	1	0	2	2	1	61	-1	1	5	34894	
improvedschematics-map-SF-jul-10.json	noBoth_dropTinyOff	1	0	2	2	1	54	-1	0	4	45206	
improvedschematics-map-SF-jul-10.json	noBoth_expand1	1	0	2	2	1	61	-1	1	5	35784	
improvedschematics-map-SF-jul-10.json	noBoth_growth1	11	0	3	3	20	56	-1	2	11	56271	
improvedschematics-map-SF-jul-10.json	noBoth_growth1_5	6	0	0	0	3	38	-1	5	22	63353	
improvedschematics-map-SF-jul-10.json	noContraction	1	0	2	2	1	61	-1	1	5	34772	
improvedschematics-map-SF-jul-10.json	noContraction_growth1	11	0	3	3	20	56	-1	2	11	62150	
improvedschematics-map-SF-jul-10.json	noDensity	2	2	2	2	5	32	-1	2	5	26343	
improvedschematics-map-SF-jul-10.json	noWarp	1	0	0	0	2	50	-1	4	4	33207	
improvedschematics-map-SF-jul-10.json	warp25	9	0	2	2	2	47	-1	1	6	25496	
improvedschematics-map-SF-jul-10.json	warp50	1	0	2	2	0	55	-1	0	9	32401	
improvedschematics-map-SF-jul-10.json	warp75	4	0	2	2	0	23	-1	1	1	39208	
improvedschematics-map-SF-jul-14.json	base	0	0	4	4	0	16	-1	0	1	42001	
improvedschematics-map-SF-jul-14.json	capsuleFilter	1	0	4	4	0	19	-1	0	2	48859	
improvedschematics-map-SF-jul-14.json	capsuleFilter_noDensity	0	1	2	2	1	21	-1	0	4	48526	
improvedschematics-map-SF-jul-14.json	expand1	0	0	2	2	0	22	-1	0	1	43538	
improvedschematics-map-SF-jul-14.json	growth1	11	0	3	3	20	56	-1	2	11	51099	
improvedschematics-map-SF-jul-14.json	growth1_25	29	0	0	0	24	123	-1	9	22	142888	
improvedschematics-map-SF-jul-14.json	growth1_5	2	1	0	0	10	46	-1	3	25	42773	
improvedschematics-map-SF-jul-14.json	growth2	1	0	0	0	0	40	-1	3	5	42866	
improvedschematics-map-SF-jul-14.json	noBoth	1	1	2	2	0	33	-1	0	1	51917	
improvedschematics-map-SF-jul-14.json	noBoth_dropTinyOff	1	1	2	2	1	30	-1	0	2	49682	
improvedschematics-map-SF-jul-14.json	noBoth_expand1	1	1	2	2	0	33	-1	0	1	62023	
improvedschematics-map-SF-jul-14.json	noBoth_growth1	11	0	3	3	20	56	-1	2	11	55043	
improvedschematics-map-SF-jul-14.json	noBoth_growth1_5	6	0	0	0	3	38	-1	5	22	57878	
improvedschematics-map-SF-jul-14.json	noContraction	0	3	4	4	1	29	-1	0	0	50241	
improvedschematics-map-SF-jul-14.json	noContraction_growth1	11	0	3	3	20	56	-1	2	11	55666	
improvedschematics-map-SF-jul-14.json	noDensity	0	0	2	2	0	22	-1	0	1	39890	
improvedschematics-map-SF-jul-14.json	noWarp	0	0	1	1	0	21	-1	0	10	41440	
improvedschematics-map-SF-jul-14.json	warp25	0	1	2	1	0	22	-1	0	1	28620	
improvedschematics-map-SF-jul-14.json	warp50	0	0	2	2	0	23	-1	0	0	38050	
improvedschematics-map-SF-jul-14.json	warp75	1	0	5	4	1	19	-1	0	0	43234	
improvedschematics-map-SF-jul-15.json	base	0	0	0	0	0	44	-1	0	4	40186	
improvedschematics-map-SF-jul-15.json	capsuleFilter	0	0	0	0	1	41	-1	0	5	31783	
improvedschematics-map-SF-jul-15.json	capsuleFilter_noDensity	2	0	0	0	0	71	-1	0	6	66188	
improvedschematics-map-SF-jul-15.json	expand1	0	0	0	0	0	44	-1	0	4	30647	
improvedschematics-map-SF-jul-15.json	growth1	8	0	1	1	10	55	-1	1	13	59184	
improvedschematics-map-SF-jul-15.json	growth1_25	4	0	0	0	23	52	-1	5	25	47161	
improvedschematics-map-SF-jul-15.json	growth1_5	9	5	0	0	1	58	-1	5	18	31906	
improvedschematics-map-SF-jul-15.json	growth2	8	1	0	0	6	57	-1	5	11	31762	
improvedschematics-map-SF-jul-15.json	noBoth	0	0	0	0	0	70	-1	0	3	38018	
improvedschematics-map-SF-jul-15.json	noBoth_dropTinyOff	0	0	0	0	0	70	-1	0	3	32940	
improvedschematics-map-SF-jul-15.json	noBoth_expand1	0	0	0	0	0	70	-1	0	3	33442	
improvedschematics-map-SF-jul-15.json	noBoth_growth1	8	0	1	1	10	55	-1	1	13	52060	
improvedschematics-map-SF-jul-15.json	noBoth_growth1_5	5	1	0	0	19	68	-1	14	14	47099	
improvedschematics-map-SF-jul-15.json	noContraction	0	0	0	0	0	49	-1	0	7	34400	
improvedschematics-map-SF-jul-15.json	noContraction_growth1	8	0	1	1	10	55	-1	1	13	51609	
improvedschematics-map-SF-jul-15.json	noDensity	0	0	0	0	2	41	-1	0	2	33312	
improvedschematics-map-SF-jul-15.json	noWarp	0	0	0	0	0	33	-1	0	1	43634	
improvedschematics-map-SF-jul-15.json	warp25	0	0	0	0	0	22	-1	0	1	34651	
improvedschematics-map-SF-jul-15.json	warp50	0	0	0	0	0	31	-1	0	8	43583	
improvedschematics-map-SF-jul-15.json	warp75	0	0	0	0	0	34	-1	0	4	31516	
improvedschematics-map-SF-jul-16.json	base	0	0	0	0	0	26	-1	0	1	20556	
improvedschematics-map-SF-jul-16.json	capF_growth_1	13	0	0	0	8	43	-1	4	15	56086	
improvedschematics-map-SF-jul-16.json	capF_growth_1_25	17	0	3	2	45	85	-1	3	27	53196	
improvedschematics-map-SF-jul-16.json	capF_growth_1_5	13	0	0	0	26	73	-1	1	16	37003	
improvedschematics-map-SF-jul-16.json	capF_growth_2	0	0	1	1	6	56	-1	2	7	47689	
improvedschematics-map-SF-jul-16.json	capsuleFilter	0	0	0	0	0	22	-1	0	1	31189	
improvedschematics-map-SF-jul-16.json	capsuleFilter_noDensity	1	0	0	0	0	24	-1	0	1	24370	
improvedschematics-map-SF-jul-16.json	expand1	0	0	0	0	0	28	-1	0	3	83534	
improvedschematics-map-SF-jul-16.json	growth1	13	0	0	0	8	43	-1	4	15	64183	
improvedschematics-map-SF-jul-16.json	growth1_25	9	0	0	0	15	44	-1	12	30	75482	
improvedschematics-map-SF-jul-16.json	growth1_5	9	0	0	0	19	58	-1	3	17	50145	
improvedschematics-map-SF-jul-16.json	growth2	9	1	0	0	0	56	-1	8	10	35116	
improvedschematics-map-SF-jul-16.json	growthF_1_1	22	0	1	1	6	49	-1	3	20	51263	
improvedschematics-map-SF-jul-16.json	growthF_1_15	12	0	0	0	23	68	-1	3	22	53442	
improvedschematics-map-SF-jul-16.json	growthF_1_2	21	0	0	0	16	54	-1	5	27	55741	
improvedschematics-map-SF-jul-16.json	growthF_1_3	8	1	0	0	14	64	-1	13	15	45720	
improvedschematics-map-SF-jul-16.json	growthF_1_4	8	0	0	0	22	49	-1	3	15	64259	
improvedschematics-map-SF-jul-16.json	growthF_1_75	3	0	0	0	6	61	-1	2	10	47988	
improvedschematics-map-SF-jul-16.json	growthF_2_25	1	0	0	0	6	35	-1	7	8	38901	
improvedschematics-map-SF-jul-16.json	noBoth	0	0	0	0	3	41	-1	0	1	27762	
improvedschematics-map-SF-jul-16.json	noBoth_dropTinyOff	0	0	0	0	3	41	-1	0	1	60567	
improvedschematics-map-SF-jul-16.json	noBoth_expand1	0	0	0	0	3	41	-1	0	1	54602	
improvedschematics-map-SF-jul-16.json	noBoth_growth1	13	0	0	0	8	43	-1	4	15	70939	
improvedschematics-map-SF-jul-16.json	noBoth_growth1_5	5	1	0	0	18	53	-1	5	23	50917	
improvedschematics-map-SF-jul-16.json	noBoth_growthF_1_1	19	0	2	2	24	38	-1	7	19	43068	
improvedschematics-map-SF-jul-16.json	noBoth_growthF_1_15	21	0	1	1	21	61	-1	3	28	62188	
improvedschematics-map-SF-jul-16.json	noBoth_growthF_1_2	9	0	2	2	22	59	-1	3	24	94688	
improvedschematics-map-SF-jul-16.json	noBoth_growthF_1_3	8	0	4	4	66	67	-1	5	29	58432	
improvedschematics-map-SF-jul-16.json	noBoth_growthF_1_4	8	0	0	0	56	57	-1	3	26	40053	
improvedschematics-map-SF-jul-16.json	noBoth_growthF_1_75	3	0	0	0	6	59	-1	4	12	49043	
improvedschematics-map-SF-jul-16.json	noBoth_growthF_2_25	0	0	0	0	0	55	-1	3	12	43585	
improvedschematics-map-SF-jul-16.json	noContraction	0	0	0	0	0	22	-1	0	1	25823	
improvedschematics-map-SF-jul-16.json	noContraction_growth1	13	0	0	0	8	43	-1	4	15	82760	
improvedschematics-map-SF-jul-16.json	noDensity	0	0	0	0	0	28	-1	0	3	45487	
improvedschematics-map-SF-jul-16.json	noWarp	0	0	0	0	0	26	-1	0	1	20152	
improvedschematics-map-SF-jul-16.json	warp25	0	0	0	0	0	32	-1	0	0	35208	
improvedschematics-map-SF-jul-16.json	warp50	0	0	0	0	0	43	-1	0	3	25104	
improvedschematics-map-SF-jul-16.json	warp75	0	0	0	0	0	16	-1	0	3	31474	
improvedschematics-map-SF-jul-16.json	warpF_0_1	0	0	0	0	0	15	-1	0	2	36337	
improvedschematics-map-SF-jul-16.json	warpF_0_35	0	0	0	0	0	15	-1	0	0	43118	
improvedschematics-map-SF-jul-16.json	warpF_0_6	0	0	0	0	0	28	-1	0	1	47339	
improvedschematics-map-SF-jul-16.json	warpF_0_85	0	0	0	0	0	26	-1	0	0	29733	
improvedschematics-map-SF.json	base	0	0	0	0	0	30	-1	0	2	48268	
improvedschematics-map-SF.json	capF_growth_1	9	0	0	0	22	43	-1	3	13	51396	
improvedschematics-map-SF.json	capF_growth_1_25	13	0	0	0	20	59	-1	7	16	40052	
improvedschematics-map-SF.json	capF_growth_1_5	19	0	0	0	17	101	-1	6	28	51503	
improvedschematics-map-SF.json	capF_growth_2	1	0	0	0	1	38	-1	8	10	45107	
improvedschematics-map-SF.json	capsuleFilter	1	0	0	0	0	38	-1	0	0	46923	
improvedschematics-map-SF.json	capsuleFilter_noDensity	0	0	0	0	0	19	-1	0	3	29427	
improvedschematics-map-SF.json	expand1	0	0	0	0	0	24	-1	0	1	57778	
improvedschematics-map-SF.json	growth1	9	0	0	0	22	43	-1	3	13	46934	
improvedschematics-map-SF.json	growth1_25	15	0	0	0	26	67	-1	5	27	65407	
improvedschematics-map-SF.json	growth1_5	2	0	0	0	10	43	-1	8	23	52271	
improvedschematics-map-SF.json	growth2	3	0	1	1	2	55	-1	12	12	28285	
improvedschematics-map-SF.json	growthF_1_1	8	0	1	1	9	37	-1	3	21	51351	
improvedschematics-map-SF.json	growthF_1_15	10	0	0	0	35	78	-1	11	18	60979	
improvedschematics-map-SF.json	growthF_1_2	23	0	2	2	17	56	-1	9	25	48514	
improvedschematics-map-SF.json	growthF_1_3	6	0	0	0	26	58	-1	4	16	43732	
improvedschematics-map-SF.json	growthF_1_4	9	0	0	0	34	67	-1	3	21	38677	
improvedschematics-map-SF.json	growthF_1_75	4	0	0	0	2	30	-1	2	10	47169	
improvedschematics-map-SF.json	growthF_2_25	0	1	0	0	1	44	-1	3	13	37911	
improvedschematics-map-SF.json	noBoth	0	0	0	0	0	23	-1	0	1	43384	
improvedschematics-map-SF.json	noBoth_dropTinyOff	0	0	0	0	0	23	-1	0	1	48208	
improvedschematics-map-SF.json	noBoth_expand1	0	0	0	0	0	23	-1	0	1	47537	
improvedschematics-map-SF.json	noBoth_growth1	9	0	0	0	22	43	-1	3	13	49196	
improvedschematics-map-SF.json	noBoth_growth1_5	6	0	0	0	33	56	-1	2	17	73247	
improvedschematics-map-SF.json	noBoth_growthF_1_1	34	0	1	1	22	60	-1	9	14	46892	
improvedschematics-map-SF.json	noBoth_growthF_1_15	26	0	1	1	40	101	-1	7	35	37772	
improvedschematics-map-SF.json	noBoth_growthF_1_2	8	0	0	0	35	57	-1	11	16	43494	
improvedschematics-map-SF.json	noBoth_growthF_1_3	11	1	0	0	32	94	-1	10	18	46242	
improvedschematics-map-SF.json	noBoth_growthF_1_4	4	0	0	0	23	77	-1	7	23	36234	
improvedschematics-map-SF.json	noBoth_growthF_1_75	6	0	0	0	8	52	-1	1	10	47909	
improvedschematics-map-SF.json	noBoth_growthF_2_25	1	0	0	0	10	57	-1	5	21	34022	
improvedschematics-map-SF.json	noContraction	0	0	0	0	0	23	-1	0	2	40700	
improvedschematics-map-SF.json	noContraction_growth1	9	0	0	0	22	43	-1	3	13	50909	
improvedschematics-map-SF.json	noDensity	0	0	0	0	0	24	-1	0	1	55260	
improvedschematics-map-SF.json	noWarp	0	0	0	0	2	45	-1	0	6	40090	
improvedschematics-map-SF.json	warp25	0	0	0	0	4	35	-1	0	5	30101	
improvedschematics-map-SF.json	warp50	0	0	0	0	0	31	-1	1	4	35604	
improvedschematics-map-SF.json	warp75	0	0	0	0	0	41	-1	0	2	50401	
improvedschematics-map-SF.json	warpF_0_1	1	0	0	0	0	30	-1	0	3	47876	
improvedschematics-map-SF.json	warpF_0_35	0	0	0	0	0	51	-1	0	11	40172	
improvedschematics-map-SF.json	warpF_0_6	0	0	0	0	0	24	-1	0	4	38419	
improvedschematics-map-SF.json	warpF_0_85	0	0	0	0	0	25	-1	0	8	30598	
improvedschematics-map-TPA.json	base	0	0	0	0	0	3	-1	0	0	18043	
improvedschematics-map-TPA.json	capsuleFilter	0	0	0	0	0	3	-1	0	0	18867	
improvedschematics-map-TPA.json	capsuleFilter_noDensity	0	0	0	0	0	3	-1	0	0	17203	
improvedschematics-map-TPA.json	expand1	0	0	0	0	0	3	-1	0	0	15749	
improvedschematics-map-TPA.json	growth1	2	0	0	0	3	7	-1	1	2	12058	
improvedschematics-map-TPA.json	growth1_25	0	0	0	0	0	3	-1	0	0	18140	
improvedschematics-map-TPA.json	growth1_5	0	0	0	0	0	6	-1	0	0	11836	
improvedschematics-map-TPA.json	growth2	0	0	0	0	0	6	-1	0	0	10343	
improvedschematics-map-TPA.json	noBoth	0	0	0	0	0	3	-1	0	0	13263	
improvedschematics-map-TPA.json	noBoth_dropTinyOff	0	0	0	0	0	3	-1	0	0	13449	
improvedschematics-map-TPA.json	noBoth_expand1	0	0	0	0	0	3	-1	0	0	13075	
improvedschematics-map-TPA.json	noBoth_growth1	2	0	0	0	3	7	-1	1	2	10684	
improvedschematics-map-TPA.json	noBoth_growth1_5	0	0	0	0	0	3	-1	0	0	18713	
improvedschematics-map-TPA.json	noContraction	0	0	0	0	0	3	-1	0	0	11819	
improvedschematics-map-TPA.json	noContraction_growth1	2	0	0	0	3	7	-1	1	2	10926	
improvedschematics-map-TPA.json	noDensity	0	0	0	0	0	3	-1	0	0	16082	
improvedschematics-map-TPA.json	noWarp	0	0	0	0	0	3	-1	0	0	21930	
improvedschematics-map-TPA.json	warp25	0	0	0	0	0	6	-1	0	1	14797	
improvedschematics-map-TPA.json	warp50	0	0	0	0	0	4	-1	0	1	7069	
improvedschematics-map-TPA.json	warp75	0	0	0	0	0	6	-1	0	0	18072	
improvedschematics-map-TPE-3.json	base	0	0	0	0	0	7	-1	0	0	1613	
improvedschematics-map-TPE-3.json	capsuleFilter	0	0	0	0	0	7	-1	0	0	1615	
improvedschematics-map-TPE-3.json	capsuleFilter_noDensity	0	0	0	0	0	7	-1	0	0	1630	
improvedschematics-map-TPE-3.json	expand1	0	0	0	0	0	7	-1	0	0	1638	
improvedschematics-map-TPE-3.json	growth1	0	0	0	0	0	4	-1	0	0	1473	
improvedschematics-map-TPE-3.json	growth1_25	0	0	0	0	0	7	-1	0	0	1567	
improvedschematics-map-TPE-3.json	growth1_5	0	0	0	0	0	7	-1	0	0	1594	
improvedschematics-map-TPE-3.json	growth2	0	0	0	0	0	7	-1	0	0	1550	
improvedschematics-map-TPE-3.json	noBoth	0	0	0	0	0	4	-1	0	0	1410	
improvedschematics-map-TPE-3.json	noBoth_dropTinyOff	0	0	0	0	0	4	-1	0	0	1335	
improvedschematics-map-TPE-3.json	noBoth_expand1	0	0	0	0	0	4	-1	0	0	1334	
improvedschematics-map-TPE-3.json	noBoth_growth1	0	0	0	0	0	4	-1	0	0	1281	
improvedschematics-map-TPE-3.json	noBoth_growth1_5	0	0	0	0	0	4	-1	0	0	1245	
improvedschematics-map-TPE-3.json	noContraction	0	0	0	0	0	4	-1	0	0	1322	
improvedschematics-map-TPE-3.json	noContraction_growth1	0	0	0	0	0	4	-1	0	0	1386	
improvedschematics-map-TPE-3.json	noDensity	0	0	0	0	0	7	-1	0	0	1599	
improvedschematics-map-TPE-3.json	noWarp	0	0	0	0	0	4	-1	0	0	1481	
improvedschematics-map-TPE-3.json	warp25	0	0	0	0	0	4	-1	0	0	1344	
improvedschematics-map-TPE-3.json	warp50	0	0	0	0	0	6	-1	0	0	1374	
improvedschematics-map-TPE-3.json	warp75	0	0	0	0	0	6	-1	1	0	1612	
improvedschematics-map-TPE-UPDATED.json	base	0	0	0	0	0	7	-1	0	0	1514	
improvedschematics-map-TPE-UPDATED.json	capsuleFilter	0	0	0	0	0	7	-1	0	0	1543	
improvedschematics-map-TPE-UPDATED.json	capsuleFilter_noDensity	0	0	0	0	0	7	-1	0	0	1590	
improvedschematics-map-TPE-UPDATED.json	expand1	0	0	0	0	0	7	-1	0	0	988	
improvedschematics-map-TPE-UPDATED.json	growth1	0	0	0	0	0	4	-1	0	0	1352	
improvedschematics-map-TPE-UPDATED.json	growth1_25	0	0	0	0	0	7	-1	0	0	1490	
improvedschematics-map-TPE-UPDATED.json	growth1_5	0	0	0	0	0	7	-1	0	0	1472	
improvedschematics-map-TPE-UPDATED.json	growth2	0	0	0	0	0	7	-1	0	0	1456	
improvedschematics-map-TPE-UPDATED.json	noBoth	0	0	0	0	0	4	-1	0	0	1349	
improvedschematics-map-TPE-UPDATED.json	noBoth_dropTinyOff	0	0	0	0	0	4	-1	0	0	1011	
improvedschematics-map-TPE-UPDATED.json	noBoth_expand1	0	0	0	0	0	4	-1	0	0	844	
improvedschematics-map-TPE-UPDATED.json	noBoth_growth1	0	0	0	0	0	4	-1	0	0	1304	
improvedschematics-map-TPE-UPDATED.json	noBoth_growth1_5	0	0	0	0	0	4	-1	0	0	1167	
improvedschematics-map-TPE-UPDATED.json	noContraction	0	0	0	0	0	4	-1	0	0	1417	
improvedschematics-map-TPE-UPDATED.json	noContraction_growth1	0	0	0	0	0	4	-1	0	0	1101	
improvedschematics-map-TPE-UPDATED.json	noDensity	0	0	0	0	0	7	-1	0	0	1596	
improvedschematics-map-TPE-UPDATED.json	noWarp	0	0	0	0	0	4	-1	0	0	1620	
improvedschematics-map-TPE-UPDATED.json	warp25	0	0	0	0	0	4	-1	0	0	1355	
improvedschematics-map-TPE-UPDATED.json	warp50	0	0	0	0	0	6	-1	0	0	1377	
improvedschematics-map-TPE-UPDATED.json	warp75	0	0	0	0	0	6	-1	1	0	1484	
improvedschematics-map-TPE.json	base	0	0	0	0	0	2	-1	0	0	472	
improvedschematics-map-TPE.json	capsuleFilter	0	0	0	0	0	2	-1	0	0	455	
improvedschematics-map-TPE.json	capsuleFilter_noDensity	0	0	0	0	0	2	-1	0	0	410	
improvedschematics-map-TPE.json	expand1	0	0	0	0	0	2	-1	0	0	457	
improvedschematics-map-TPE.json	growth1	0	0	0	0	0	1	-1	0	0	482	
improvedschematics-map-TPE.json	growth1_25	0	0	0	0	0	2	-1	0	0	486	
improvedschematics-map-TPE.json	growth1_5	0	0	0	0	0	2	-1	0	0	472	
improvedschematics-map-TPE.json	growth2	0	0	0	0	0	2	-1	0	0	535	
improvedschematics-map-TPE.json	noBoth	0	0	0	0	0	1	-1	0	0	476	
improvedschematics-map-TPE.json	noBoth_dropTinyOff	0	0	0	0	0	1	-1	0	0	508	
improvedschematics-map-TPE.json	noBoth_expand1	0	0	0	0	0	1	-1	0	0	521	
improvedschematics-map-TPE.json	noBoth_growth1	0	0	0	0	0	1	-1	0	0	568	
improvedschematics-map-TPE.json	noBoth_growth1_5	0	0	0	0	0	1	-1	0	0	531	
improvedschematics-map-TPE.json	noContraction	0	0	0	0	0	1	-1	0	0	413	
improvedschematics-map-TPE.json	noContraction_growth1	0	0	0	0	0	1	-1	0	0	559	
improvedschematics-map-TPE.json	noDensity	0	0	0	0	0	2	-1	0	0	422	
improvedschematics-map-TPE.json	noWarp	0	0	0	0	0	4	-1	0	0	417	
improvedschematics-map-TPE.json	warp25	0	0	0	0	0	1	-1	0	0	452	
improvedschematics-map-TPE.json	warp50	0	0	0	0	0	0	-1	0	0	508	
improvedschematics-map-TPE.json	warp75	0	0	0	0	0	2	-1	0	0	526	